image_name,Id,sex,Age,Anatomy,diagnosis,is_malignant,target
ISIC_0015719,IP_7279968,0.022216737285146886,0.9997531778316099,0.0,8,benign,0
ISIC_0052212,IP_3075186,0.0,0.9938837346736188,0.11043152607484653,8,benign,0
ISIC_0015719,IP_7279968,0.022216737285146886,0.9997531778316099,0.0,8,benign,0
ISIC_0052212,IP_3075186,0.0,0.9938837346736188,0.11043152607484653,8,benign,0
ISIC_0015719,IP_7279968,0.022216737285146886,0.9997531778316099,0.0,8,benign,0
ISIC_0052212,IP_3075186,0.0,0.9938837346736188,0.11043152607484653,8,benign,0
